subject_id,k_self,k_other,beta_self,beta_other,k_self_2K1B,k_other_2K1B,beta_2K1B,AIC_onekonebeta,AIC_onektwobetamodel,AIC_twokonebetamodel,AIC_twoktwobetamodel,BIC_onekonebeta,BIC_onektwobetamodel,BIC_twokonebetamodel,BIC_twoktwobetamodel,NLL_onekonebeta,NLL_onektwobetamodel,NLL_twokonebetamodel,NLL_twoktwobetamodel
332,2.45680462287026e-08,0.247401761428105,0.839116944752972,1.31082456306667,1.62055576854648e-07,0.251210179290865,1.51360680906905,45.5826855135559,64.156417436133,47.582685791448,66.1564142361349,49.3250875353717,69.7700204688567,53.1962888241716,73.6412182797665,20.7913427567779,29.0782087180665,20.791342895724,29.0782071180674
849,1.05396139619e-07,0.253150024135691,12.6065858482137,6.49834236722233,1.76663803433362e-10,0.397104245587458,15.0616996606327,24.7944315907081,46.2025396718516,26.7944230540182,48.2026630928464,28.5368336125238,51.8161427045753,32.4080260867418,55.687467136478,10.397215795354,20.1012698359258,10.3972115270091,20.1013315464232
893,3.13980268168166e-08,0.248783897183758,42.0390778765826,21.7212850412431,1.38540965067006e-08,0.24952146274505,18.8717531752757,26.1807260147529,50.3614355732338,28.1807256688183,52.3614987527906,29.9231280365687,55.9750386059575,33.7943287015419,59.8463027964221,11.0903630073764,22.1807177866169,11.0903628344091,22.1807493763953
974,0.110585140251394,0.250014287499901,2.57024758709211,49.9962178855718,0.113428840416073,0.250314431172362,1.84772540430773,38.4611628354645,49.3670796745863,42.9388125144461,51.3670796745863,42.2035648572803,54.98068270731,48.5524155471698,58.8518837182179,17.2305814177322,21.6835398372931,18.4694062572231,21.6835398372932
1019,0.499999937306142,0.25161312800847,0.55532703559158,2.20786858812437,0.499999838631435,0.250094585763262,1.02527319361708,67.5641009272279,57.9259214198745,44.856584612115,59.9259214198745,71.3065029490436,63.5395244525981,50.4701876448387,67.4107254635061,31.7820504636139,25.9629607099372,19.4282923060575,25.9629607099372
1083,0.127512711384746,0.249941748491779,0.950313714692445,49.6018757272689,0.129609921180404,0.249997465797744,0.875298986943264,56.9741930824547,65.4178548850842,60.1467524130203,67.4178548850842,60.7165951042705,71.0314579178079,65.760355445744,74.9026589287158,26.4870965412274,29.7089274425421,27.0733762065102,29.7089274425421
1252,2.26130270978385e-08,0.255438141679975,0.827556878846345,1.12966388383928,2.28943596553317e-08,0.246338955764657,0.888578474343123,56.1228844008712,64.4642499517721,58.1228850409174,66.4642499472789,59.865286422687,70.0778529844958,63.7364880736411,73.9490539909105,26.0614422004356,29.232124975886,26.0614425204587,29.2321249736395
1423,6.12686999890087e-09,0.244193590317696,42.0408875289056,20.7067187711035,3.23261501728146e-09,0.381319884263679,19.0523121204748,26.1807259737335,48.9751276113402,28.1807131506876,50.9751385888391,29.9231279955493,54.5887306440639,33.7943161834113,58.4599426324706,11.0903629868667,21.4875638056701,11.0903565753438,21.4875692944195
1870,0.499999918784558,0.249960491287311,0.26843288923167,50.1977354811016,0.252648148628717,0.249691267658485,0.88309694577479,58.1150378109187,58.2186683177726,48.9373090497774,60.2186684465685,61.8574398327345,63.8322713504962,54.550912082501,67.7034724902001,27.0575189054594,26.1093341588863,21.4686545248887,26.1093342232843
2411,6.40857858277612e-09,0.24634867576492,1.93708257276892,2.01479598946319,7.36684128164906e-09,0.228375737809439,1.56262011894473,39.4739733097004,49.1664889724827,41.4739733096943,51.1664896125074,43.2163753315161,54.7800920052064,47.087576342418,58.6512936561389,17.7369866548502,21.5832444862413,17.7369866548471,21.5832448062537
2431,1.20456663833771e-08,0.250430317670799,0.540201756833296,50.013249389042,0.0131632710776519,0.250027786834117,1.16208922494881,49.9751529650289,65.7870235124982,51.9059866696164,67.7870236404975,53.7175549868447,71.4006265452219,57.51958970234,75.271827684129,22.9875764825144,29.8935117562491,22.9529933348082,29.8935118202487
3103,0.0463928073465604,0.249997915676072,1.52214576023981,50.0037250845689,0.0491337445252341,0.249311289512835,2.21592234636722,40.6973982216735,60.0631058551436,40.468395441021,62.0631058551437,44.4398002434893,65.6767088878673,46.0819984737446,69.5479098987753,18.3486991108367,27.0315529275718,17.2341977205105,27.0315529275719
3178,3.26467695388088e-08,0.141952025845218,1.58740157013366,0.20064362934709,6.5297233507041e-09,0.248528201648979,1.5874006539995,44.7570013645716,58.9564217685756,46.7570013645626,60.956421768576,48.4994033863874,64.5700248012993,52.3706043972863,68.4412258122076,20.3785006822858,26.4782108842878,20.3785006822813,26.478210884288
3210,4.04050382158264e-08,0.156641578635673,1.18684667815297,0.196211189295904,6.73634938094314e-09,0.249831528144135,1.79395645789696,41.0462430036143,61.2498167256418,43.0462436436134,63.2498167257152,44.78864502543,66.8634197583654,48.6598466763371,70.7346207693468,18.5231215018071,27.6249083628209,18.5231218218067,27.6249083628576
3228,5.79572716049222e-09,0.272525840167741,2.16997928557036,1.92381839800359,5.77918481900544e-09,0.25096767952907,2.18158239658946,38.7087123905285,56.612617443628,40.7087123905284,58.6126174436113,42.4511144123442,62.2262204763517,46.3223154232521,66.0974214872429,17.3543561952642,25.306308721814,17.3543561952642,25.3063087218057
3771,6.79599357548018e-09,0.151619372897327,1.51451615841828,0.299101497941994,6.75743588496603e-09,0.232901357427355,1.53284658114747,45.675537244551,58.5717948624636,47.6755380045548,60.5717916620884,49.4179392663668,64.1853978951873,53.2891410372785,68.05659570572,20.8377686222755,26.2858974312318,20.8377690022774,26.2858958310442
3928,1.80653815728763e-08,0.250034552965505,15.8160525686592,72.7947710290662,5.55434929251801e-09,0.233318943496463,2.04452179526741,34.0069746091304,43.4299514963011,36.006974609115,45.4299656444122,37.7493766309461,49.0435545290248,41.6205776418387,52.9147696880438,15.0034873045652,18.7149757481505,15.0034873045575,18.7149828222061
4241,1.92725066418959e-07,0.222179309388294,27.6783618465316,16.9039241474781,6.06316676007818e-09,0.246650560637017,2.6900041489806,30.7373906990605,43.4299637493169,32.7373906990872,45.4301771289661,34.4797927208763,49.0435667820405,38.3509937318108,52.9149811725976,13.3686953495303,18.7149818746584,13.3686953495436,18.715088564483
4625,0.0484931089147866,0.248954418485089,0.000285300441422383,49.7888206630677,0.21766830096877,0.272623197842699,9.73503661769465e-08,62.8751676024144,65.6106588086625,65.6106583281486,67.610671887285,66.6175696242302,71.2242618413862,71.2242613608722,75.0954759309166,29.4375838012072,29.8053294043312,29.8053291640743,29.8053359436425
4961,2.7915973401379e-09,0.242898298817781,1.43073008457362,1.52121139420934,1.3883927632485e-08,0.258538616676154,2.00760292552818,33.7937227377029,51.4356742643158,35.793722741784,53.4356742643332,37.5361247595187,57.0492772970395,41.4073257745077,60.9204783079647,14.8968613688515,22.7178371321579,14.896861370892,22.7178371321666
5096,3.13980268168166e-08,0.248783897183758,42.0390778765826,21.7212850412431,1.38540965067006e-08,0.24952146274505,18.8717531752757,26.1807260147529,50.3614355732338,28.1807256688183,52.3614987527906,29.9231280365687,55.9750386059575,33.7943287015419,59.8463027964221,11.0903630073764,22.1807177866169,11.0903628344091,22.1807493763953
5273,1.09714008525578e-08,0.20606781653709,2.16998082875223,1.09633445923131,2.19242299934157e-09,0.252196944751295,2.18158237977864,37.32249722888,55.2263226824807,39.3224173894124,57.2263230826701,41.0648992506958,60.8399257152044,44.9360204221361,64.7111271263017,16.66124861444,24.6131613412404,16.6612086947062,24.6131615413351
5822,3.13980268168166e-08,0.248783897183758,42.0390778765826,21.7212850412431,1.38540965067006e-08,0.24952146274505,18.8717531752757,26.1807260147529,50.3614355732338,28.1807256688183,52.3614987527906,29.9231280365687,55.9750386059575,33.7943287015419,59.8463027964221,11.0903630073764,22.1807177866169,11.0903628344091,22.1807493763953
5835,1.08508145622461e-07,0.256120722906537,42.3207206232651,15.5881464544431,2.64999496252467e-09,0.152503814838113,20.1048628792138,19.2492541601565,40.6585123885087,21.2492381729836,42.6573728068037,22.9916561819722,46.2721154212324,26.8628412057073,50.1421768504352,7.62462708007823,17.3292561942544,7.62461908649182,17.3286864034018
6246,0.49999994286685,0.252959956275964,0.497268191302373,2.02856276357679,0.499999885443252,0.25043253032065,0.912068461303468,69.0952660247207,60.3969511300891,48.2917979930644,62.3969511300891,72.8376680465365,66.0105541628128,53.9054010257881,69.8817551737206,32.5476330123603,27.1984755650446,21.1458989965322,27.1984755650445
6324,0.152532108398371,0.249524517023788,0.315965157582282,49.5511688040674,0.111422818839905,0.250053954067035,1.27962230478512,52.6926055045794,63.6875082316274,49.6795252921119,65.6875082316273,56.4350075263951,69.3011112643511,55.2931283248356,73.1723122752588,24.3463027522897,28.8437541158137,21.839762646056,28.8437541158136
6332,0.499999022331793,0.252655788971423,0.11829594157631,49.9884250186013,0.277498678669045,0.246882944178302,0.47075230728739,68.3084227616235,70.0016770592841,65.0456948325955,72.0016802272625,72.0508247834393,75.6152800920078,70.6592978653191,79.486484270894,32.1542113808118,32.000838529642,29.5228474162977,32.0008401136312
6469,0.040104091618362,0.249871084783913,1.20009692912692,50.0360267708175,0.0473518382662111,0.250521635518467,1.57475994169313,47.141921326421,61.9027231440448,47.9045124561756,63.9027231440448,50.8843233482368,67.5163261767685,53.5181154888992,71.3875271876764,21.5709606632105,27.9513615720224,20.9522562280878,27.9513615720224
6707,9.50699554081234e-10,0.22192274285546,14.9932742974472,6.91501850728634,1.86848480969332e-10,0.420295945532097,15.2591278309262,23.4081210896248,46.202539675286,25.4081287696561,48.2025421981741,27.1505231114406,51.8161427080097,31.0217318023798,55.6873462418057,9.70406054481242,20.101269837643,9.70406438482805,20.1012710990871
7047,8.76625235184061e-09,0.249772719819889,43.508574655555,19.6518929559329,2.03692891176055e-08,0.250000004477417,18.7015904781902,19.249250580982,40.6574391118178,21.2492541680644,42.6573750471172,22.9916526027978,46.2710421445415,26.862857200788,50.1421790907488,7.62462529049101,17.3287195559089,7.62462708403219,17.3286875235586
7107,8.12522681688807e-09,0.24976137194385,0.390222763716764,50.1473012977016,2.67408826874727e-07,0.251608605927425,1.04804902570128,47.9408842734636,61.6907233416627,49.9408846350582,63.6907227016617,51.6832862952794,67.3043263743864,55.5544876677818,71.1755267452933,21.9704421367318,27.8453616708314,21.9704423175291,27.8453613508309
7389,2.22454388340529e-10,0.356465405995764,16.7026823839701,7.51709709431619,5.93390220802667e-09,0.253971359451071,2.77172795140965,30.8889956188362,47.5888468262479,32.8889963788402,49.5888317736375,34.631397640652,53.2024498589716,38.5025994115638,57.0736358172691,13.4444978094181,20.794423413124,13.4444981894201,20.7944158868188
7512,7.47605735736823e-09,0.249879087160491,31.9919063478127,16.9396246661391,7.5626068428279e-10,0.250428210101273,20.763211211035,22.0218275046583,42.0436694173948,24.0218275242063,44.043665586966,25.7642295264741,47.6572724501184,29.63543055693,51.5284696305975,9.01091375232914,18.0218347086974,9.01091376210315,18.021832793483
7875,6.86534452065047e-09,0.244459856795486,44.0742129917955,13.6537432897112,6.04614770955963e-10,0.24999986071011,26.4632907476594,23.4081372344578,47.5888468394404,25.4081218557798,49.5888459628439,27.1505392562736,53.2024498721641,31.0217248885034,57.0736500064754,9.70406861722888,20.7944234197202,9.70406092788988,20.7944229814219
7937,2.64027191991172e-08,0.148254572993404,2.16998134302219,0.242436387508593,4.48483219806586e-09,0.243314433314736,2.82591382321509,31.0071888302937,53.8400319213657,33.0071888303334,55.8400319213684,34.7495908521094,59.4536349540894,38.6207918630571,63.324835965,13.5035944151468,23.9200159606828,13.5035944151667,23.9200159606842
8228,0.222375767969477,0.250063151406295,0.124360984125648,50.2938598555697,0.112566436301533,0.24891153546775,0.668087445448503,66.3679554301088,72.294399586393,66.1943808509276,74.294399586393,70.1103574519246,77.9080026191167,71.8079838836513,81.7792036300246,31.1839777150544,33.1471997931965,30.0971904254638,33.1471997931965
8251,1.23042167300314e-08,0.24584629578638,1.58740106707693,1.03126673698357,1.23570041650551e-08,0.3414495152257,2.19282955368778,38.7337447375013,60.3427129297049,40.733745377576,62.3427129341101,42.4761467593171,65.9563159624286,46.3473484102996,69.8275169777417,17.3668723687507,27.1713564648525,17.366872688788,27.1713564670551
8604,1.53032635138469e-07,0.250157180035978,44.209244174215,18.8857933057954,1.74226881755613e-10,0.429249223710007,15.2734996012184,23.4081244518102,44.8162453097873,25.408127731048,46.8166480468865,27.150526473626,50.429848342511,31.0217307637716,54.3014520905181,9.70406222590509,19.4081226548937,9.70406386552398,19.4083240234432
8925,0.1163798244669,0.330860182045699,0.00352465101666586,0.601778116993829,0.0791142753308289,0.250076378812317,0.759544416964249,64.2049756030359,72.5437408734271,64.8299629817283,74.5438535832953,67.9473776248517,78.1573439061508,70.443566014452,82.0286576269268,30.102487801518,33.2718704367136,29.4149814908641,33.2719267916476
9477,2.55694621458586e-10,0.113595766870398,22.2950675679487,5.61329870109407,3.06342056479397e-08,0.250145501338586,18.6230209543351,19.2492621450296,40.6574497830242,21.2492541587483,42.6573591901097,22.9916641668454,46.2710528157479,26.8628571914719,50.1421632337413,7.62463107251479,17.3287248915121,7.62462707937414,17.3286795950549
9585,3.13980268168166e-08,0.248783897183758,42.0390778765826,21.7212850412431,1.38540965067006e-08,0.24952146274505,18.8717531752757,26.1807260147529,50.3614355732338,28.1807256688183,52.3614987527906,29.9231280365687,55.9750386059575,33.7943287015419,59.8463027964221,11.0903630073764,22.1807177866169,11.0903628344091,22.1807493763953
9593,5.38926327140996e-09,0.294850136129665,13.4531959880708,4.50285374792212,7.3168852761458e-09,0.248533144357634,1.57001617916733,44.6736966071206,47.5888582966416,46.6736966071163,49.588857010163,48.4160986289364,53.2024613293652,52.2872996398399,57.0736610537945,20.3368483035603,20.7944291483208,20.3368483035581,20.7944285050815
9620,1.0174280864465e-08,0.244994377881067,1.51451452566257,1.22780277791937,9.24878305519006e-07,0.253236409811773,2.14705118907852,38.5175029428524,59.9580860231955,40.5175827817166,61.9580860232862,42.2599049646682,65.5716890559191,46.1311858144403,69.4428900669177,17.2587514714262,26.9790430115977,17.2587913908583,26.9790430116431
